Donald;OConnell;650.507.9833
Douglas;Grant;650.507.9844
Jennifer;Whalen;515.123.4444
Michael;Hartstein;515.123.5555
Pat;Fay;603.123.6666
Susan;Mavris;515.123.7777
Hermann;Baer;515.123.8888
Shelley;Higgins;515.123.8080
William;Gietz;515.123.8181
Steven;Kowalski;515.123.4567
Neena;Kowalski;515.123.4568
Lex;Kowalski;515.123.4569
Alexander;Hunold;590.423.4567
Bruce;Ernst;590.423.4568
David;Austin;590.423.4569
Valli;Pataballa;590.423.4560
Diana;Lorentz;590.423.5567
Nancy;Greenberg;515.124.4569
Daniel;Faviet;515.124.4169
John;Chen;515.124.4269
Ismael;Sciarra;515.124.4369
Jose Manuel;Urman;515.124.4469
Luis;Popp;515.124.4567
Den;Raphaely;515.127.4561
Alexander;Khoo;515.127.4562
Shelli;Baida;515.127.4563
Sigal;Tobias;515.127.4564
Guy;Himuro;515.127.4565
Karen;Colmenares;515.127.4566
Matthew;Weiss;650.123.1234
Adam;Fripp;650.123.2234
Payam;Kaufling;650.123.3234
Shanta;Vollman;650.123.4234
Kevin;Mourgos;650.123.5234
Julia;Nayer;650.124.1214
Irene;Mikkilineni;650.124.1224
James;Landry;650.124.1334
Steven;Markle;650.124.1434
Laura;Bissot;650.124.5234
Mozhe;Atkinson;650.124.6234
James;Marlow;650.124.7234
TJ;Olson;650.124.8234
Jason;Mallin;650.127.1934
Michael;Rogers;650.127.1834
Ki;Gee;650.127.1734
Hazel;Philtanker;650.127.1634
Renske;Ladwig;650.121.1234
Stephen;Stiles;650.121.2034
John;Seo;650.121.2019
Joshua;Patel;650.121.1834
Trenna;Rajs;650.121.8009
Curtis;Davies;650.121.2994
Randall;Matos;650.121.2874
Peter;Vargas;650.121.2004
John;Russell;011.44.1344.429268
Karen;Partners;011.44.1344.467268
Alberto;Errazuriz;011.44.1344.429278
Gerald;Cambrault;011.44.1344.619268
Eleni;Zlotkey;011.44.1344.429018
Peter;Tucker;011.44.1344.129268
David;Bernstein;011.44.1344.345268
Peter;Hall;011.44.1344.478968
Christopher;Olsen;011.44.1344.498718
Nanette;Cambrault;011.44.1344.987668
Oliver;Tuvault;011.44.1344.486508
Janette;King;011.44.1345.429268
Patrick;Sully;011.44.1345.929268
Allan;McEwen;011.44.1345.829268
Lindsey;Smith;011.44.1345.729268
Louise;Doran;011.44.1345.629268
Sarath;Sewall;011.44.1345.529268
Clara;Vishney;011.44.1346.129268
Danielle;Greene;011.44.1346.229268
Mattea;Marvins;011.44.1346.329268
David;Lee;011.44.1346.529268
Sundar;Ande;011.44.1346.629268
Amit;Banda;011.44.1346.729268
Lisa;Ozer;011.44.1343.929268
Harrison;Bloom;011.44.1343.829268
Tayler;Fox;011.44.1343.729268
William;Smith;011.44.1343.629268
Elizabeth;Bates;011.44.1343.529268
Sundita;Kumar;011.44.1343.329268
Ellen;Abel;011.44.1644.429267
Alyssa;Hutton;011.44.1644.429266
Jonathon;Taylor;011.44.1644.429265
Jack;Livingston;011.44.1644.429264
Kimberely;Grant;011.44.1644.429263
Charles;Johnson;011.44.1644.429262
Winston;Taylor;650.507.9876
Jean;Fleaur;650.507.9877
Martha;Sullivan;650.507.9878
Girard;Geoni;650.507.9879
Nandita;Sarchand;650.509.1876
Alexis;Bull;650.509.2876
Julia;Dellinger;650.509.3876
Anthony;Cabrio;650.509.4876
Kelly;Chung;650.505.1876
Jennifer;Dilly;650.505.2876
Timothy;Gates;650.505.3876
Randall;Perkins;650.505.4876
Sarah;Bell;650.501.1876
Britney;Everett;650.501.2876
Samuel;McCain;650.501.3876
Vance;Jones;650.501.4876
Alana;Walsh;650.507.9811
Kevin;Feeney;650.507.9822
